DateTime,vuser,Tests,Errors,Mean_Test_Time_(ms),Test_Time_Standard_Deviation_(ms),TPS,Mean_response_length,Response_bytes_per_second,Response_errors,Mean_time_to_resolve_host,Mean_time_to_establish_connection,Mean_time_to_first_byte
2025-02-28 07:00:21,10,20,0,1018.05,70.916,10,84,840,0,0,4.1,11
2025-02-28 07:00:23,10,20,0,1000.75,65.275,10,84,840,0,0,0.6,1.05
2025-02-28 07:00:25,10,20,0,1007.7,49.826,10,84,840,0,0,0.55,1.2
2025-02-28 07:00:27,20,20,0,1013.35,81.506,10,84,840,0,0,0.7,1.9
2025-02-28 07:00:29,20,81,0,1011.79,68.727,40.5,84,3402,0,0,0.506,-21.494
2025-02-28 07:00:31,20,41,0,1014.171,76.458,20.5,84,1722,0,0,0.634,1.195
2025-02-28 07:00:33,28,42,0,1010.81,51.506,21,84,1764,0,0,0.643,0.929
2025-02-28 07:00:35,30,59,0,1003.051,57.088,29.5,84,2478,0,0,0.475,0.966
2025-02-28 07:00:37,30,60,0,1012.583,62.769,30,83.517,2505.5,0,0,0.417,1.067
2025-02-28 07:00:39,30,59,0,991,66.835,29.5,83,2448.5,0,0,0.559,1.169
2025-02-28 07:00:41,39,61,0,1014.672,67.277,30.5,83,2531.5,0,0,0.361,0.967
2025-02-28 07:00:43,40,83,0,996.735,59.836,41.5,83,3444.5,0,0,0.398,1.108
2025-02-28 07:00:45,40,78,0,1008.449,56.901,39,83,3237,0,0,0.359,0.821
2025-02-28 07:00:47,40,84,0,997.833,75.646,42,83,3486,0,0,0.381,0.929
2025-02-28 07:00:49,49,87,0,997.437,62.568,43.5,83.529,3633.5,0,0,0.471,1.287
2025-02-28 07:00:51,50,102,0,1002.225,68.778,51,84,4284,0,0,0.48,0.853
2025-02-28 07:00:53,50,100,0,1000.38,56.827,50,84,4200,0,0,0.45,0.91
2025-02-28 07:00:55,50,98,0,999.327,64.337,49,84,4116,0,0,0.408,0.878
2025-02-28 07:00:57,59,103,0,1012.699,62.787,51.5,84,4326,0,0,0.417,0.913
2025-02-28 07:00:59,60,234,0,1000.077,65.113,117,84,9828,0,0,0.359,0.838
2025-02-28 07:01:01,60,121,0,1007.818,62.13,60.5,83.421,5047,0,0,0.43,0.934
2025-02-28 07:01:03,70,125,0,1000.488,70.31,62.5,83,5187.5,0,0,0.304,0.712
2025-02-28 07:01:05,70,139,0,1004.05,65.671,69.5,83,5768.5,0,0,0.281,0.806
2025-02-28 07:01:07,70,142,0,1005.796,69.692,71,83.585,5934.5,0,0,0.359,0.803
2025-02-28 07:01:09,70,138,0,1002.572,69.936,69,84,5796,0,0,0.391,0.833
2025-02-28 07:01:11,80,149,0,1000.49,69.39,74.5,84,6258,0,0,0.409,0.819
2025-02-28 07:01:13,80,161,0,1001.472,72.953,80.5,82.77,6663,0,0,0.348,0.839
2025-02-28 07:01:15,80,157,0,996.637,64.931,78.5,82,6437,0,0,0.369,0.771
2025-02-28 07:01:17,80,164,0,993.537,66.403,82,82,6724,0,0,0.335,0.732
2025-02-28 07:01:19,90,161,0,996.05,67.495,80.5,82.59,6648.5,0,0,0.373,0.776
2025-02-28 07:01:21,90,182,0,1001.198,65.944,91,83,7553,0,0,0.319,0.742
2025-02-28 07:01:23,90,182,0,1000.593,65.211,91,83,7553,0,0,0.341,0.731
2025-02-28 07:01:25,90,178,0,999.5,65.197,89,83,7387,0,0,0.343,0.753
2025-02-28 07:01:27,100,179,0,1005.156,65.145,89.5,83,7428.5,0,0,0.352,0.804
2025-02-28 07:01:29,100,200,0,1002.08,65.147,100,83,8300,0,0,0.3,0.7
2025-02-28 07:01:31,100,390,0,1001.864,66.065,195,83.305,16244.5,0,0,0.356,0.762
2025-02-28 07:01:33,110,200,0,1001.685,69.432,100,84,8400,0,0,0.31,0.73
2025-02-28 07:01:35,110,219,0,1003.402,64.24,109.5,84,9198,0,0,0.329,0.763
2025-02-28 07:01:37,110,218,0,1008.619,58.364,109,82.817,9027,0,0,0.307,0.702
2025-02-28 07:01:39,110,217,0,1014.843,63.674,108.5,82,8897,0,0,0.401,0.788
2025-02-28 07:01:41,120,219,0,1006.11,59.413,109.5,82,8979,0,0,0.356,0.74
2025-02-28 07:01:43,120,242,0,999.727,63.257,121,83.174,10064,0,0,0.326,0.74
2025-02-28 07:01:45,120,237,0,1001.768,66.541,118.5,84,9954,0,0,0.316,0.705
2025-02-28 07:01:47,120,244,0,997.344,71.594,122,84,10248,0,0,0.291,0.721
2025-02-28 07:01:49,130,244,0,1008.32,62.881,122,84,10248,0,0,0.266,0.664
2025-02-28 07:01:51,130,263,0,997.125,62.723,131.5,84,11046,0,0,0.312,0.711
2025-02-28 07:01:53,130,209,0,998.746,64.808,104.5,84,8778,0,0,0.263,0.665
2025-02-28 07:01:55,130,250,0,1000.244,58.626,125,83.596,10449.5,0,0,0.312,0.672
2025-02-28 07:01:57,140,257,0,1007.284,62.116,128.5,83,10665.5,0,0,0.284,0.704
2025-02-28 07:01:59,140,281,0,998.075,63.97,140.5,83,11661.5,0,0,0.26,0.623
2025-02-28 07:02:01,140,564,0,1003.222,64.009,282,83,23406,0,0,0.245,0.606
2025-02-28 07:02:03,146,281,0,1003.619,64.919,140.5,83,11661.5,0,0,0.217,0.541
2025-02-28 07:02:05,150,298,0,1002.04,66.275,149,83,12367,0,0,0.191,0.5
2025-02-28 07:02:07,150,303,0,995.842,68.313,151.5,83.469,12645.5,0,0,0.244,0.545
2025-02-28 07:02:09,150,302,0,997.974,70.981,151,84,12684,0,0,0.219,0.523
2025-02-28 07:02:11,155,292,0,995.432,68.497,146,84,12264,0,0,0.182,0.534
2025-02-28 07:02:13,160,318,0,999.088,63.418,159,83.094,13212,0,0,0.214,0.56
2025-02-28 07:02:15,160,318,0,1010.582,61.582,159,82,13038,0,0,0.239,0.531
2025-02-28 07:02:17,160,318,0,1001.044,64.519,159,82,13038,0,0,0.245,0.563
2025-02-28 07:02:19,165,322,0,993.96,62.564,161,82.447,13274,0,0,0.23,0.615
2025-02-28 07:02:21,170,341,0,1002.003,65.102,170.5,83,14151.5,0,0,0.223,0.516
2025-02-28 07:02:23,170,340,0,997.582,68.231,170,83,14110,0,0,0.229,0.538
2025-02-28 07:02:25,170,339,0,1000.112,71.635,169.5,83.481,14150,0,0,0.28,0.59
2025-02-28 07:02:27,175,337,0,1006.979,64.199,168.5,84,14154,0,0,0.217,0.519
2025-02-28 07:02:29,180,362,0,1001.207,63.059,181,84,15204,0,0,0.227,0.519
2025-02-28 07:02:31,180,758,0,1001.136,69.655,379,83.252,31552.5,0,0,0.247,0.512
2025-02-28 07:02:33,184,360,0,997.725,60.977,180,83,14940,0,0,0.231,0.497
2025-02-28 07:02:35,190,377,0,1004.284,66.104,188.5,83,15645.5,0,0,0.255,0.621
2025-02-28 07:02:37,190,375,0,1002.925,63.84,187.5,83.635,15681.5,0,0,0.221,0.589
2025-02-28 07:02:39,190,376,0,1001.205,64.034,188,84,15792,0,0,0.266,0.601
2025-02-28 07:02:41,194,383,0,1003.183,65.98,191.5,84,16086,0,0,0.243,0.53
2025-02-28 07:02:43,200,402,0,1002.333,67.688,201,83.995,16883,0,0,0.204,0.515
2025-02-28 07:02:45,200,398,0,998.48,70.876,199,84,16716,0,0,0.226,0.52
2025-02-28 07:02:47,200,399,0,1002.484,64.323,199.5,84,16758,0,0,0.228,0.489
2025-02-28 07:02:49,205,395,0,998.172,65.342,197.5,83.375,16466.5,0,0,0.22,0.597
2025-02-28 07:02:51,210,421,0,1002.078,66.253,210.5,83,17471.5,0,0,0.195,0.477
2025-02-28 07:02:53,210,418,0,999.057,67.364,209,83,17347,0,0,0.215,0.478
2025-02-28 07:02:55,210,418,0,1002.672,63.984,209,82.998,17346.5,0,0,0.244,0.61
2025-02-28 07:02:57,216,423,0,1005.965,69.157,211.5,83,17554.5,0,0,0.203,0.558
2025-02-28 07:02:59,220,443,0,998.682,66.641,221.5,83,18384.5,0,0,0.187,0.501
2025-02-28 07:03:01,220,611,0,1006.972,68.873,305.5,82.241,25124.5,0,0,2.1,2.463
2025-02-28 07:03:03,223,687,0,1001.619,64.134,343.5,82,28167,0,0,0.239,0.616
2025-02-28 07:03:05,230,342,0,1000.325,68.169,171,82,14022,0,0,0.211,0.553
2025-02-28 07:03:07,230,462,0,1003.766,65.724,231,82.827,19133,0,0,0.214,0.556
2025-02-28 07:03:09,230,457,0,1003.217,65.973,228.5,84,19194,0,0,0.241,0.617
2025-02-28 07:03:11,235,461,0,995.926,66.146,230.5,84,19362,0,0,0.252,0.549
2025-02-28 07:03:13,240,474,0,1004.93,67.448,237,83.593,19811.5,0,0,0.203,0.485
2025-02-28 07:03:15,240,479,0,1003.342,65.621,239.5,83,19878.5,0,0,0.211,0.468
2025-02-28 07:03:17,240,481,0,1005.395,62.481,240.5,83,19961.5,0,0,0.168,0.422
2025-02-28 07:03:19,242,482,0,1004.846,68.749,241,81.718,19694,0,0,0.212,0.55
2025-02-28 07:03:21,250,487,0,1003.766,67.63,243.5,80,19480,0,0,0.205,0.47
2025-02-28 07:03:23,250,503,0,1001.98,67.342,251.5,80,20120,0,0,0.199,0.511
2025-02-28 07:03:25,250,494,0,1003.978,66.291,247,81.269,20073.5,0,0,0.166,0.496
2025-02-28 07:03:27,252,497,0,999.918,62.449,248.5,83,20625.5,0,0,0.209,0.493
2025-02-28 07:03:29,260,518,0,1002.38,65.558,259,83,21497,0,0,0.212,0.49
2025-02-28 07:03:31,260,514,0,999.92,62.883,257,82.589,21225.5,0,0,0.163,0.545
2025-02-28 07:03:33,262,1025,0,999.585,64.362,512.5,82,42025,0,0,0.193,0.613
2025-02-28 07:03:35,270,526,0,998.747,63.277,263,82,21566,0,0,0.184,0.897
2025-02-28 07:03:37,270,544,0,1003.95,64.961,272,82.006,22305.5,0,0,0.217,0.515
2025-02-28 07:03:39,270,543,0,1004.088,61.53,271.5,82,22263,0,0,0.225,0.661
2025-02-28 07:03:41,275,538,0,1000.82,66.615,269,82,22058,0,0,0.216,0.729
2025-02-28 07:03:43,280,550,0,1001.685,67.909,275,82.916,22802,0,0,0.178,0.498
2025-02-28 07:03:45,280,566,0,1002.742,64.912,283,84,23772,0,0,0.201,0.871
2025-02-28 07:03:47,280,561,0,999.692,64.695,280.5,84,23562,0,0,0.191,0.515
2025-02-28 07:03:49,284,561,0,994.75,61.636,280.5,83.995,23560.5,0,0,0.201,0.654
2025-02-28 07:03:51,290,597,0,998.6,68.01,298.5,84,25074,0,0,0.176,0.739
2025-02-28 07:03:53,290,569,0,1002.522,67.581,284.5,84,23898,0,0,0.174,0.453
2025-02-28 07:03:55,290,592,0,1003.174,67.073,296,83.024,24575,0,0,0.191,0.883
2025-02-28 07:03:57,292,576,0,999.585,64.068,288,82,23616,0,0,0.193,0.493
2025-02-28 07:03:59,300,598,0,1001.585,68.61,299,82,24518,0,0,0.212,0.557
2025-02-28 07:04:01,300,592,0,1000.5,67,296,82.968,24558.5,0,0,0.186,0.867
2025-02-28 07:04:03,300,1233,0,1000.569,65.864,616.5,84,51786,0,0,0.215,0.706
2025-02-28 07:04:05,310,622,0,998.952,66.488,311,84,26124,0,0,0.203,0.606
2025-02-28 07:04:07,310,623,0,995.228,67.349,311.5,82.846,25806.5,0,0,0.188,0.523
2025-02-28 07:04:09,310,618,0,1002.497,62.762,309,82,25338,0,0,0.184,0.814
2025-02-28 07:04:11,310,623,0,1000.685,64.202,311.5,82,25543,0,0,0.191,0.453
2025-02-28 07:04:13,320,631,0,1000.729,63.793,315.5,82.59,26057,0,0,0.187,0.892
2025-02-28 07:04:15,320,646,0,999.825,62.579,323,83,26809,0,0,0.22,0.676
2025-02-28 07:04:17,320,634,0,1003.483,68.891,317,83,26311,0,0,0.213,0.495
2025-02-28 07:04:19,320,639,0,1002.721,63.922,319.5,83.002,26519,0,0,0.243,0.997
2025-02-28 07:04:21,330,655,0,998.087,66.072,327.5,83,27182.5,0,0,0.241,0.521
2025-02-28 07:04:23,330,662,0,1002.989,65.859,331,83,27473,0,0,0.213,0.725
2025-02-28 07:04:25,330,650,0,1006.071,68.185,325,83,26975,0,0,0.254,0.772
2025-02-28 07:04:27,331,656,0,999.627,67.118,328,83,27224,0,0,0.229,0.509
2025-02-28 07:04:29,340,674,0,1002.887,65.282,337,83,27971,0,0,0.231,0.978
2025-02-28 07:04:31,340,684,0,999.988,65.573,342,83.579,28584,0,0,0.18,0.49
2025-02-28 07:04:33,340,1235,0,1002.593,66.86,617.5,84,51870,0,0,0.239,0.802
2025-02-28 07:04:35,350,826,0,999.168,63.92,413,84,34692,0,0,0.217,0.634
2025-02-28 07:04:37,350,698,0,999.466,62.157,349,82.67,28852,0,0,0.249,1.331
2025-02-28 07:04:39,350,707,0,999.075,65.648,353.5,82,28987,0,0,0.219,0.519
2025-02-28 07:04:41,350,699,0,1002.724,67.698,349.5,82,28659,0,0,0.255,0.986
2025-02-28 07:04:43,360,715,0,998.69,65.231,357.5,82.695,29563.5,0,0,0.21,0.947
2025-02-28 07:04:45,360,713,0,999.394,64.944,356.5,83,29589.5,0,0,0.266,0.6
2025-02-28 07:04:47,360,721,0,1001.218,65.186,360.5,83,29921.5,0,0,0.236,1.255
2025-02-28 07:04:49,360,721,0,1001.523,66.259,360.5,83.003,29922.5,0,0,0.211,0.646
2025-02-28 07:04:51,370,736,0,1001.897,68.554,368,83,30544,0,0,0.27,1.092
2025-02-28 07:04:53,370,740,0,1003.554,64.785,370,83,30710,0,0,0.218,1.155
2025-02-28 07:04:55,370,741,0,1000.754,65.256,370.5,82.313,30497,0,0,0.238,0.54
2025-02-28 07:04:57,370,732,0,1000.29,64.2,366,82,30012,0,0,0.212,1.156
2025-02-28 07:04:59,380,757,0,1001.338,68.99,378.5,82,31037,0,0,0.194,0.695
2025-02-28 07:05:01,380,759,0,1001.931,66.979,379.5,82,31119,0,0,0.173,0.671
2025-02-28 07:05:03,380,755,0,1001.417,65.797,377.5,82,30955,0,0,0.166,1.094
2025-02-28 07:05:05,390,1330,0,1002.823,65.68,665,82,54530,0,0,0.18,0.601
2025-02-28 07:05:07,390,782,0,999.71,65.784,391,82.006,32064.5,0,0,0.184,0.991
2025-02-28 07:05:09,390,774,0,1001.203,66.218,387,82,31734,0,0,0.186,0.451
2025-02-28 07:05:11,390,772,0,1002.487,65.836,386,82,31652,0,0,0.175,1.062
2025-02-28 07:05:13,400,791,0,1001.772,65.863,395.5,82.478,32620,0,0,0.176,0.622
2025-02-28 07:05:15,400,808,0,1000.8,63.3,404,83,33532,0,0,0.187,0.634
2025-02-28 07:05:17,400,795,0,998.857,64.007,397.5,83,32992.5,0,0,0.187,1.117
2025-02-28 07:05:19,400,805,0,1000.667,65.766,402.5,83.001,33408,0,0,0.175,0.448
2025-02-28 07:05:21,410,805,0,1003.583,65.65,402.5,83,33407.5,0,0,0.19,0.925
2025-02-28 07:05:23,410,814,0,1000.505,65.261,407,83,33781,0,0,0.162,0.673
2025-02-28 07:05:25,410,822,0,1001.76,62.912,411,82.991,34109.5,0,0,0.164,0.54
2025-02-28 07:05:27,410,820,0,1003.038,66.061,410,83,34030,0,0,0.184,1.065
2025-02-28 07:05:29,420,824,0,1004,65.102,412,83,34196,0,0,0.166,0.422
2025-02-28 07:05:31,420,842,0,1002.772,65.511,421,82.507,34735.5,0,0,0.167,0.824
2025-02-28 07:05:33,420,844,0,1001.44,64.431,422,82,34604,0,0,0.167,0.733
2025-02-28 07:05:35,428,1716,0,1001.53,65.146,858,82,70356,0,0,0.176,0.823
2025-02-28 07:05:37,430,863,0,999.234,64.431,431.5,82.574,35630.5,0,0,0.183,0.468
2025-02-28 07:05:39,430,853,0,1001.351,65.378,426.5,83,35399.5,0,0,0.195,1.086
2025-02-28 07:05:41,430,861,0,1001.268,66.714,430.5,83,35731.5,0,0,0.187,0.776
2025-02-28 07:05:43,440,877,0,998.55,65.584,438.5,82.994,36393,0,0,0.155,0.691
2025-02-28 07:05:45,440,879,0,1003.09,64.304,439.5,83,36478.5,0,0,0.21,1.288
2025-02-28 07:05:47,440,886,0,996.107,61.753,443,83,36769,0,0,0.151,0.507
2025-02-28 07:05:49,440,872,0,1002.11,64.99,436,82.42,35935,0,0,0.18,1.026
2025-02-28 07:05:51,450,895,0,1002.961,65.569,447.5,82,36695,0,0,0.172,0.909
2025-02-28 07:05:53,450,904,0,1002.523,64.388,452,82,37064,0,0,0.164,0.566
2025-02-28 07:05:55,450,920,0,997.913,64.093,460,83.18,38263,0,0,0.186,1.166
2025-02-28 07:05:57,450,899,0,1001.676,63.681,449.5,84,37758,0,0,0.157,0.541
2025-02-28 07:05:59,460,914,0,1000.532,65.385,457,84,38388,0,0,0.182,0.887
2025-02-28 07:06:01,460,911,0,1003.618,65.121,455.5,82.774,37703.5,0,0,0.176,1.042
2025-02-28 07:06:03,460,913,0,998.302,66.908,456.5,82,37433,0,0,0.18,0.474
2025-02-28 07:06:05,460,1749,0,1001.173,64.893,874.5,82,71709,0,0,0.165,0.938
2025-02-28 07:06:07,470,1041,0,1000.592,64.17,520.5,83.195,43303,0,0,0.165,0.776
2025-02-28 07:06:09,470,936,0,1001.609,65.713,468,84,39312,0,0,0.168,1.082
2025-02-28 07:06:11,470,948,0,998.918,65.21,474,84,39816,0,0,0.152,0.422
2025-02-28 07:06:13,480,945,0,1001.39,62.882,472.5,82.656,39055,0,0,0.148,1.058
2025-02-28 07:06:15,480,778,190,999.587,68.557,389,82,31898,0,0,0.198,1.929
2025-02-28 07:06:17,480,969,0,996.641,63.665,484.5,82,39729,0,0,0.17,0.669
2025-02-28 07:06:19,480,561,382,1004.957,66.876,280.5,82.474,23134,0,0,0.184,3.651
2025-02-28 07:06:21,490,939,29,1002.711,66.688,469.5,83,38968.5,0,0,0.19,1.058
2025-02-28 07:06:23,490,990,0,1003.487,65.559,495,83,41085,0,0,0.153,0.987
2025-02-28 07:06:25,490,536,436,1002.983,65.065,268,82.989,22241,0,0,0.149,4.812
2025-02-28 07:06:27,490,974,0,1005.893,66.967,487,83,40421,0,0,0.179,0.566
2025-02-28 07:06:29,500,695,262,1001.02,65.548,347.5,83,28842.5,0,0,0.153,1.168
2025-02-28 07:06:31,500,848,147,1001.742,63.314,424,83.761,35514.5,0,0,0.165,2.79
2025-02-28 07:06:33,500,998,0,1004.137,67.269,499,84,41916,0,0,0.159,0.824
2025-02-28 07:06:35,500,597,403,1000.653,65.231,298.5,84,25074,0,0,0.154,4.328
2025-02-28 07:06:37,500,1793,0,1003.25,63.848,896.5,83.719,75054.5,0,0,0.187,0.83
2025-02-28 07:06:39,500,610,385,1002.63,65.742,305,83,25315,0,0,0.149,3.774
2025-02-28 07:06:41,500,999,0,1000.022,64.46,499.5,83,41458.5,0,0,0.174,0.853
2025-02-28 07:06:43,500,692,300,1005.562,64.438,346,80.747,27938.5,0,0,0.181,2.001
2025-02-28 07:06:45,500,972,37,1001.319,65.057,486,75,36450,0,0,0.189,1.672
2025-02-28 07:06:47,500,1001,0,1000.654,66.381,500.5,75,37537.5,0,0,0.168,1.149
2025-02-28 07:06:49,500,707,288,1005.274,62.808,353.5,78.683,27814.5,0,0,0.165,2.949
2025-02-28 07:06:51,500,995,0,1000.356,66.153,497.5,81,40297.5,0,0,0.173,0.697
2025-02-28 07:06:53,500,837,169,997.578,62.862,418.5,81,33898.5,0,0,0.171,1.184
2025-02-28 07:06:55,500,874,125,1001.908,65.796,437,82.193,35918.5,0,0,0.168,2.341
2025-02-28 07:06:57,500,989,0,1003.669,67.488,494.5,83,41043.5,0,0,0.179,1.095
2025-02-28 07:06:59,500,759,241,1002.536,68.152,379.5,83,31498.5,0,0,0.157,2.343
2025-02-28 07:07:01,500,999,0,999.74,69.155,499.5,82.999,41458,0,0,0.172,0.602
2025-02-28 07:07:03,500,987,14,999.148,65.047,493.5,83,40960.5,0,0,0.196,1.263
2025-02-28 07:07:05,500,771,230,1000.598,65.197,385.5,83,31996.5,0,0,0.204,1.964
2025-02-28 07:07:07,500,1759,204,999.141,64.904,879.5,82.278,72363.5,0,0,0.177,0.471
2025-02-28 07:07:09,500,999,0,1000.622,64.943,499.5,82,40959,0,0,0.163,0.478
2025-02-28 07:07:11,500,994,0,1004.189,66.271,497,82,40754,0,0,0.265,1.433
2025-02-28 07:07:13,500,874,127,999.103,65.59,437,83.208,36362,0,0,0.165,1.378
2025-02-28 07:07:15,500,995,0,1004.248,63.342,497.5,84,41790,0,0,0.161,0.696
2025-02-28 07:07:17,500,712,287,997.76,64.201,356,84,29904,0,0,0.159,2.275
2025-02-28 07:07:19,500,994,4,1001.344,64.255,497,83.481,41490,0,0,0.133,0.971
2025-02-28 07:07:21,500,984,18,1002.789,64.079,492,83,40836,0,0,0.174,1.029
2025-02-28 07:07:23,500,507,486,998.491,65.025,253.5,83,21040.5,0,0,0.138,5.483
2025-02-28 07:07:25,500,1000,0,998.202,65.711,500,82.487,41243.5,0,0,0.158,0.639
2025-02-28 07:07:27,500,570,423,1003.779,62.198,285,82,23370,0,0,0.177,1.232
2025-02-28 07:07:29,500,935,75,999.541,66.446,467.5,82,38335,0,0,0.155,2.982
2025-02-28 07:07:31,500,994,0,999.237,62.723,497,83.032,41267,0,0,0.158,0.903
2025-02-28 07:07:33,500,548,464,995.779,64.486,274,84,23016,0,0,0.151,5.035
2025-02-28 07:07:35,500,1006,0,994.631,65.232,503,84,42252,0,0,0.16,0.435
2025-02-28 07:07:37,500,1528,378,1003.631,67.833,764,83.304,63644,0,0,0.181,-0.509
2025-02-28 07:07:39,500,1063,26,1003.592,65.088,531.5,83,44114.5,0,0,0.182,1.02
2025-02-28 07:07:41,500,614,386,996.493,67.183,307,83,25481,0,0,0.182,3.845
2025-02-28 07:07:43,500,1000,0,1001.799,63.486,500,82.392,41196,0,0,0.191,0.659
2025-02-28 07:07:45,500,946,72,1004.702,63.792,473,82,38786,0,0,0.149,1.251
2025-02-28 07:07:47,500,738,257,1000.813,66.887,369,82,30258,0,0,0.198,2.741
2025-02-28 07:07:49,500,997,0,1002.621,66.461,498.5,82.627,41189.5,0,0,0.169,0.971
2025-02-28 07:07:51,500,706,294,1005.081,61.832,353,83,29299,0,0,0.193,2.778
2025-02-28 07:07:53,500,1001,0,997.336,63.766,500.5,83,41541.5,0,0,0.171,0.547
2025-02-28 07:07:55,500,999,0,1000.851,66.485,499.5,83,41458.5,0,0,0.195,1.398
2025-02-28 07:07:57,500,722,280,1003.022,63.576,361,83,29963,0,0,0.158,3.141
2025-02-28 07:07:59,500,995,0,1002.377,63.305,497.5,83,41292.5,0,0,0.174,0.752
2025-02-28 07:08:01,500,763,230,1003.364,65.467,381.5,82.996,31663,0,0,0.173,1.855
2025-02-28 07:08:03,500,982,20,1001.845,65.189,491,83,40753,0,0,0.173,1.023
2025-02-28 07:08:05,500,998,0,1003.222,66.847,499,83,41417,0,0,0.156,1.132
2025-02-28 07:08:07,500,775,233,1003.587,65.029,387.5,83.001,32163,0,0,0.139,2.066
2025-02-28 07:08:09,500,1743,0,999.249,65.348,871.5,83,72334.5,0,0,0.142,0.82
2025-02-28 07:08:11,500,791,204,998.124,67.307,395.5,83,32826.5,0,0,0.144,1.549
2025-02-28 07:08:13,500,1003,0,999.994,64.917,501.5,83.005,41627,0,0,0.14,0.777
2025-02-28 07:08:15,500,871,134,1001.719,64.442,435.5,83,36146.5,0,0,0.171,1.687
2025-02-28 07:08:17,500,996,1,1001.107,66.495,498,83,41334,0,0,0.12,0.412
2025-02-28 07:08:19,500,994,0,1004.226,62.77,497,83.46,41479.5,0,0,0.151,0.978
2025-02-28 07:08:21,500,708,296,1000.131,66.466,354,84,29736,0,0,0.15,2.395
2025-02-28 07:08:23,500,1005,0,1001.144,65.851,502.5,84,42210,0,0,0.159,0.646
2025-02-28 07:08:25,500,517,473,1005.139,65.807,258.5,83.932,21696.5,0,0,0.135,4.149
2025-02-28 07:08:27,500,968,28,999.843,67.227,484,82.999,40171.5,0,0,0.146,1.111
2025-02-28 07:08:29,500,992,1,1000.701,63.147,496,83,41168,0,0,0.159,1.044
2025-02-28 07:08:31,500,518,487,998.931,64.31,259,82.994,21495.5,0,0,0.178,4.878
2025-02-28 07:08:33,500,988,0,1000.21,66.418,494,83,41002,0,0,0.159,0.53
2025-02-28 07:08:35,500,658,350,1002.695,68.303,329,83,27307,0,0,0.16,1.143
2025-02-28 07:08:37,500,908,100,1001.308,65.666,454,83.52,37918,0,0,0.148,2.481
2025-02-28 07:08:39,500,1599,407,1001.52,66.15,799.5,84,67158,0,0,0.151,2.306
2025-02-28 07:08:41,500,999,0,1002.938,66.653,499.5,84,41958,0,0,0.167,0.509
2025-02-28 07:08:43,500,813,174,1002.314,66.746,406.5,83.093,33777.5,0,0,0.183,1.151
2025-02-28 07:08:45,500,797,216,1000.817,66.901,398.5,82,32677,0,0,0.156,2.541
2025-02-28 07:08:47,500,998,0,999.606,63.617,499,82,40918,0,0,0.151,0.871
2025-02-28 07:08:49,500,678,325,1000.271,68.892,339,82.367,27922.5,0,0,0.142,2.866
2025-02-28 07:08:51,500,986,0,1006.446,65.917,493,83,40919,0,0,0.14,0.553
2025-02-28 07:08:53,500,985,20,998.241,68.125,492.5,83,40877.5,0,0,0.15,1.101
2025-02-28 07:08:55,500,713,288,1002.208,66.638,356.5,83.003,29590.5,0,0,0.135,2.398
2025-02-28 07:08:57,500,991,0,1001.421,66.367,495.5,83,41126.5,0,0,0.147,0.799
2025-02-28 07:08:59,500,707,287,1004.665,60.736,353.5,83,29340.5,0,0,0.171,2.941
2025-02-28 07:09:01,500,1006,0,1002.168,64.753,503,83.001,41749.5,0,0,0.166,0.55
2025-02-28 07:09:03,500,994,0,1001.186,65.244,497,83,41251,0,0,0.179,1.293
2025-02-28 07:09:05,500,761,244,1001.093,64.717,380.5,83,31581.5,0,0,0.148,1.95
2025-02-28 07:09:07,500,998,0,1002.531,63.705,499,83.002,41418,0,0,0.164,0.803
2025-02-28 07:09:09,500,1714,217,1000.31,63.089,857,83,71131,0,0,0.169,-1.886
2025-02-28 07:09:11,500,1014,0,1001.142,64.88,507,83,42081,0,0,0.172,1.141
2025-02-28 07:09:13,500,762,226,1001.009,65.394,381,82.037,31256,0,0,0.156,2.017
2025-02-28 07:09:15,500,1000,0,1004.322,65.938,500,81,40500,0,0,0.141,0.536
2025-02-28 07:09:17,500,987,6,1002.205,63.24,493.5,81,39973.5,0,0,0.151,1.146
2025-02-28 07:09:19,500,880,129,1001.497,64.365,440,81.645,35924,0,0,0.164,1.335
2025-02-28 07:09:21,500,1004,0,1003.306,64.071,502,82,41164,0,0,0.144,0.849
2025-02-28 07:09:23,500,719,282,998.051,65.572,359.5,82,29479,0,0,0.178,2.943
2025-02-28 07:09:25,500,998,0,999.258,63.542,499,81.443,40640,0,0,0.174,0.495
2025-02-28 07:09:27,500,781,215,998.895,63.888,390.5,81,31630.5,0,0,0.174,1.236
2025-02-28 07:09:29,500,711,285,1002.759,63.171,355.5,81,28795.5,0,0,0.162,4.072
2025-02-28 07:09:31,500,1004,0,1001.607,69.2,502,82.169,41249,0,0,0.159,0.801
2025-02-28 07:09:33,500,512,474,1001.344,65.959,256,83,21248,0,0,0.164,6.705
2025-02-28 07:09:35,500,1004,0,1002.053,64.966,502,83,41666,0,0,0.185,0.489
2025-02-28 07:09:37,500,931,57,1002.707,64.746,465.5,83,38636.5,0,0,0.173,1.34
2025-02-28 07:09:39,500,607,402,997.428,65.668,303.5,83,25190.5,0,0,0.175,5.646
2025-02-28 07:09:41,500,1584,380,1003.303,65.631,792,83,65736,0,0,0.205,1.797
2025-02-28 07:09:43,500,977,23,1000.732,64.956,488.5,83.001,40546,0,0,0.227,1.759
2025-02-28 07:09:45,500,996,0,1001.915,67.88,498,83,41334,0,0,0.186,1.185
2025-02-28 07:09:47,500,623,382,1001.093,68.186,311.5,83,25854.5,0,0,0.204,4.181
2025-02-28 07:09:49,500,1007,0,997.962,65.699,503.5,82.446,41511.5,0,0,0.221,0.944
2025-02-28 07:09:51,500,764,234,999.433,65.222,382,82,31324,0,0,0.217,1.425
2025-02-28 07:09:53,500,902,90,998.263,67.975,451,82,36982,0,0,0.193,2.714
2025-02-28 07:09:55,500,1002,0,1000.432,65.549,501,82.551,41358,0,0,0.219,1.382
2025-02-28 07:09:57,500,665,332,998.565,63.263,332.5,83,27597.5,0,0,0.189,4.538
2025-02-28 07:09:59,500,1000,0,997.682,68.296,500,83,41500,0,0,0.194,0.723
2025-02-28 07:10:01,500,935,54,1004.583,64.68,467.5,83.543,39056.5,0,0,0.203,1.426
2025-02-28 07:10:03,500,770,235,1000.765,67.755,385,84,32340,0,0,0.214,2.542
